"What kind of pet is this (Dog, Cat, Bird, Other)","Pet's Full Name (you don't have to include your last name. Think ""Winston Churchill"" and not ""Winston Churchill MYLASTNAME"")","Pet's everyday name (e.g. ""Church"")",Pet's age,Pet's breed (if applicable)
Dog,Widget,Widget,5,Miniature Dachshund
Dog,Stella Bo Bella,Stella,6.5,Mixed
Dog,Tilly,Tills,13,Labrador
Dog,Peter Peter Pumpkin Eater,Petey,5,Pit bull
Dog,Remy,Rem,1,n/a
Dog,Oreo,Oreo,7,Mixed
Dog,Ljus  (Swedish word for light),Ljus ,0.291,Golden Retriever
Dog,Bambi,Bambs,3,n/a
Dog,Layla â€˜The Tankâ€™,Layla,3,Pit bull
Dog,Benny and the Jets,Ben,1,Mastiff/Great Dane
Dog,Milo,Milo,7,Bichon 
Dog,Mocha,Mocha,3,Pit bull/Terrier
Dog,Shadow,Shadow,15.5,Golden Retriever
Dog,Luna,Luna,1,Great Pyrenees 
Dog,Cody,"Baby, Pookie",13,Black lab/cocker spaniel mix
Dog,Oatmeal,Oatmeal,0.583,Golden Retriever
Dog,Ginger,Nugget,10,Chihuahua 
Dog,Starbuck Louise,Starbuck,4,Mixed
Dog,Mocha Antoinette,Mocha,7,Mixed
Dog,Oscar ,Oscar,10,Mixed
Dog,Magnolia Mae,Noli,2.5,Great Pyrenees 
Dog,George Cooper,Georgie,2,Golden Retriever
Dog,Cayenne,Cayenne,8,German Shepherd
Dog,Olive Oil,Olive,2,Australian Shepherd
Dog,Brook,Brookie,7,Golden Retriever
Dog,Sparkie,"Bark, sprock, spark",4,Mixed
Dog,Max,Maxie,16,cairn terrier/ kerry blue terrier/ keeshond
Dog,Howard,Howie,10,Mixed
Dog,Ella Fitzgerald,Elle,12,Heinz 57
Dog,Josephine Bakes,Josie,5,Mixed
Dog,Lennie,Lennie,2,Cur
Dog,Cody James,Buddy,1.5,Golden Retriever
Dog,Jake,Jake,2,Golden Retriever/Husky/Shepherd/Jack Russell 
Dog,damn,it,2,Skylake
Dog,Gail,Gail,3,Cur
Dog,Lucky,"Luck, Luckboy, Luck duck",3,Mixed
Dog,Darcy,Darcy,3,Spaniel
Dog,Luke Anakin,Luke,9,Golden Retriever
Dog,Sadie,Sadie Pot Pie,10,Mixed
Dog,Hazel Nut,Hazel,3,Australian Shepherd
Dog,Bourbon,Bourbon,3,Mixed
Dog,Riley,Smiley Riley,13,Golden Retriever
Dog,Mr. Nubs,Mr. Nubs,16,Corgi
Dog,Bentley,Bentley,3,Mixed
Dog,Fenway,Fenway,6,Terrier
Dog,Benelli ,Name,3,Labrador
Dog,Washington the Destroyer,Wash,6.5,Labrador
Dog,Philomenos,"Philo, Phil, phi phi",9,Portuguese Water Dog 
Dog,Stampy Wiggles ,Stampy,10,Mixed
Dog,Jasmine,Jaz ,5,Golden Retriever
Dog,Emma,Puppy,1,Labrador
Dog,Winston,Wintin,4,Mixed
Dog,Torchenay Be Cool,Max,13,Beagle
Dog,Brutus ,Brutus,7,Mixed
Dog,Lucu,Puppy,7,Black lab/ blue heeler
Dog,Mosephine,Mo,1,Poodle
Dog,Abegeweit,Abi (Abby),16,Terrier
Dog,Kramer,Kray Kray,12,Golden Retriever
Dog,Rusty,Wusty,5,Mixed
Dog,Demi,Wilma Jean the Queen ,6,Mixed
Dog,Alfredog,Alfie,11,Mixed
Dog,Shorty Do-Op,Shorty,15,Mixed
Dog,Penny,Penny,3,Australian Shepherd
Dog,Tuxedo,Tux,1.5,Schnauzer 
Dog,Sally,Sally,7,Golden Retriever
Dog,Lola,Lola,6,Mixed
Dog,Gustav,Goober,10,Mixed
Dog,Poppy Sue Galushka Clementine,Poppy,4,Treeing Walker Coonhound
Dog,Duke,Duke,3,Australian Shepherd
Dog,Millie,Mills,7,Terrier
Dog,Sir Winston of Weston ,Winnie,10,Golden Retriever
Dog,Angus OgDog Dogga McDuff,Angus,Deceased at 13,Terrier
Dog,Lady,Doofus,6,Mixed
Dog,Maggie Peaches,Maggie,13,Mixed
Dog,Camembert,Cami,5,Bernese Mountain Dog
Dog,Shadow,Shadow,3,Saluki
Dog,Archer,archer,3,Golden Retriever
Dog,Robbie,robz,1.5,Whippet
Dog,Roxy,Roxy,8,Pit bull
Dog,Ashton Sebastian,Ash,9,Mixed
Dog,Maximum,Max,10,Beagle
Dog,Rosalind Pearl,Rosie,5,Mixed
Dog,Chyna,Chyna,16,Mixed
Dog,Sadie,Sadie,4,Mixed
Dog,Flynn,Flynn,0.916,Corgi
Dog,Loki,Loki,3,n/a
Dog,Trixie,Trix,3,"Toy Fox Terrier / Yorkie (""Yorkie"")"
Dog,Birdy ,Birdy ,4,Pomeranian
Dog,Vince,Vincie ,11,Labrador
Dog,Cobert ,Cob ,2,Dalmatian
Dog,Jack Daniel,Jackie,3,Labrador
Dog,Crinkle,Crinkle,7,Mixed
Dog,Maisy Lynn Marie,Mimsy,6,Mixed
Dog,Beemer,Beemo,7,Mixed
Dog,Mac,Mac,5,Boxer/mastiff mix
Dog,Maximillion Taxi ,Max,9,Mixed
Dog,Krypto,Dinky,6,Golden Retriever
Dog,Bo Jangles,Bo,9-10 mo,Husky/Boxer
Dog,Brixton,Brixie ,1,Golden Retriever
Dog,Jasper,Jasper,10,Mixed
Dog,Shadow Montgomery,Lovebug,2,Golden Retriever
Dog,Scout,Scout,14,Beagle
Dog,Libby,Libby,12,Golden Retriever
Dog,Jasper Tucker Oaf,Jasper,11,Labrador
Dog,Tazmanian Devik,Taz,9,Mixed
Dog,Iggy Pup,Iggy,0.333,Miniature double doodle 
Dog,Lilly,Lilly,12,Mixed
Dog,Furrdinand ,Furrdie ,10,Pomeranian
Dog,Monster Mayhem,Doodle,8,Dachshund 
Dog,Watson,Watson ,6,Mixed
Dog,Shine,Shine,12,Mixed
Dog,Freeney Schnurpel,Freenster,13,Shih Tzu
Dog,Bella Jean,Bella,Deceased at 13,Chihuahua/yorkie mix 
Dog,Ratchet,Ratchie,5,Dachshund 
Dog,Clifford,Clifford,4,Spaniel
Dog,Goose,Gooby,1,Terrier
Dog,Magnus,Munchkin,7,Terrier
Dog,Shilohâ€™s Dixie Skye,Dixie,8,Miniature Schnauzer
Dog,Bootsie,BootsToots,17,Mixed
Dog,Mindy ,Mindy,10,Labrador
Dog,Spock,Spock,7,Mixed
Dog,Merlin,Mer-dog,12,Chesapeake bay retriever 
Dog,Sylvia Plath,Sylvia,3,German pointer
Dog,Smokey Neyland,Smo ,9,Mixed
Dog,Rufus Tee Hilderbrec,Rufus,11,Shih Tzu
Dog,Baillie,B or B-Dog,7,Border Collie
Dog,Sebastian,Bash,0.333,Mixed
Dog,Tess,Tess,13,Border collie/corgi
Dog,Zorro,Z,8,Chihuahua 
Dog,Deacon ,Deac ,11,Chesapeake bay retriever 
Dog,Robert Ferguson Mooney,Bobby,6,Golden Retriever
Dog,James buchanan barnes,Bucky,2,n/a
Dog,Buddy Boy,Buddy,16,Spaniel
Dog,Belle Watling,Belle,2,Maltese
Dog,Magladon wagladon,Maggie,1,Old English sheepdog
Dog,Bella,Bella,14,n/a
Dog,Sophie,Sophie,11,Golden Retriever
Dog,Stewart Little,Stewie,16,Pomeranian
Dog,Sadie,Sadie,0.916,Golden Retriever
Dog,Ashley Wilkes,Ash,11,Mixed
Dog,Oliver Jospeh Andrew,Oliver,11-12 (deceased),Mixed
Dog,Rhett,Rhetters,12,Spaniel
Dog,Lily,Lil,5,Golden Retriever
Dog,Cookie,Monster,8,Shih Tzu
Dog,Brutus ,Brutus,10,Great white pyrenees/yellow lab
Dog,Ralph ,Ralph ,0.333,Golden Retriever
Dog,Kurt,Kurtis,2,Cur
Dog,Lyra Cristina,Lyra,0.75,Mixed
Dog,Bailey bear,Baby Girl,6,Mixed
Dog,Brooklyn,Brooklyn,2,Beagle
Dog,Champion Craig,Champ,14,Mixed
Dog,Lennox,Lenny,4,Shih Tzu
Dog,Sullivan Otis,Sulley ,10,Catahoula Leopard
Dog,Hank,Hanky panky,1,Cur
Dog,Allie Nichols,Allie,5,Mixed
Dog,Lila,Lila,5,Newfoundland
Dog,Liberty Louise,Libby,9,Spaniel
Dog,Jimmy,Sunshine,5,Shih Tzu
Dog,Rocky,Rocko,9,Rottweiler
Dog,Sheldon Michael ,Shel,7,Westin/Miniature Pinscher
Dog,Jackson,Pupper,3,Cattle Dog
Dog,Maxwell Amos,Max,10,Catahoula Leopard
Dog,Margaret Lewis,Maggie,11,Mixed
Dog,Ginger,Geeper Creeper,10,Mixed
Dog,Gator,Tate ,8,Rottweiler/Irish setter
Dog,Badger,Badger,12,Dachshund 
Dog,Beauregard,Beau,22,Golden Retriever
Dog,Buffy,Buffy and/or Buffalo,8,Beagle/Jack Russell
Dog,duque,duque,1,Mixed
Dog,Mika,Mika,5,Siberian Husky
Dog,Scarlett,little shit,8,Border Collie
Dog,Macy,Macy,11,Mixed
Dog,Gromit Walker,Gromit,8,Golden Retriever
Dog,Gracie Lou Freebush ,Gracie,9,Black Lab/Angel 
Dog,River,River,0.291,Siberian Husky
Dog,Olaf,Olaf,4,Chihuahua 
Dog,Button,Buttons (sometimes with a french accent),2,Beagle
Dog,Stevie James,Steve,9,Mixed
Dog,Mila,Crusty,14,Rottweiler
Dog,Murphy,Murph,5,Golden Retriever
Dog,Oscar the Amazing VelcroDog,Oscar,12,Mixed
Dog,Poppy,Poppy,4,Shih Tzu
Dog,Ellie Mae,Elle,13,Spaniel
Dog,Snowy,Snow,11,Shih Tzu
Dog,Bruno,Bruno,4,Border Collie
Dog,Mona,Mona,Died at 12 in 2002,Beagle
Dog,Yaz,Yazzy,11,Golden retriever/border collie
Dog,Princess Leia Organa,Prince,Dead :(,Mixed
Dog,Oakley ,"Oak, oakey-doke",3,Shih Tzu
Dog,Tinkerbell ,Tinky,4,Chihuahua 
Dog,Beckett,Beckett or Becky,9,Golden Retriever
Dog,Logan,Logan,10,Labrador
Dog,Daisy Grace,Daisy,8,Mixed
Dog,Lila Betterhalf ,Lila,13,Greyhound
Dog,Tula Jean,Tula,1,n/a
Dog,Odin,Odin,1,Mixed
Dog,Annie Piker,Annie,8,Greyhound
Dog,Rusty,Rusty,4,Golden Retriever
Dog,Stella Luna,Stella,4,Mixed
Dog,Pancho Villa,Pacho,12,Pug
Dog,Waldo,Waldo,9,Mixed
Dog,,,null,n/a
Dog,Yadier,Yadi,4,Golden Retriever
Dog,Ruby Gem,Ruby,4,Mixed
Dog,BuddyGus,Buddy Boi,1.667,Golden Retriever
Dog,Homer ,Homie,5,Spaniel
Dog,Pippie,Pippie or Pippo,2,Pit bull/ Bassett hound mix
Dog,Parker,,6,Beagle
Dog,Chipper Doodle,Chip,12,Labrador
Dog,Jack,Jack,7,Mixed
Dog,"Xena, Warrior Pinscher ",Xena,14,Miniature Pinscher
Dog,Gabby,Gabby,2,Golden Retriever
Dog,Rosebud,Rosie,10,Beagle
Dog,Cooper,Cooper,10,Mixed
Dog,Shakota,Shakota,12,Siberian Husky
Dog,Wilbur,Wilby,7,French/English Bulldog 
Dog,Finn T. Dog,Finn,0.416,Weimaraner 
Dog,Baylee,"Baylee Boo, Taps",2,n/a
Dog,Sprocket,"Bark, sprock, spark","~15  (would be 17  today, now deceased, rescue)",Mixed
Dog,Sophie,Sophie,13,Maltese
Dog,Sasha,Chunk ,1,Lab/shepherd 
Dog,Kookie (pronounced cookie) Pants,Noodle,15,Terrier
Dog,Miss Maisy Cakes,Maisy,1,Mixed
Dog,Han Solo,Solo,3,Spaniel
Dog,Lillith Anne,Lily,6,Siberian Husky
Dog,Michelangelo,Mikey,11,Spaniel
Dog,Freddie Beagle ,Frappie,11,Beagle
Dog,Pieper,Pooper,4,n/a
Dog,Jacob,Jake,6,Siberian Husky
Dog,Titus Augustus,Tidy,9,American Foxhound
Dog,,Cirrus,2,Poodle
Dog,Shelby,Shelby,14,Mixed
Dog,,Nimbus,0.5,Poodle
Dog,Finn,Finn,1,Spaniel
Dog,Tessie Joan (of Arc),Tessie ,7,American Foxhound
Dog,Ginger,Ginger,12,Golden Retriever
Dog,Sadie,Sadie,6,Golden Retriever
Dog,Flicka,Flicky,12,Mixed
Dog,Koda Kingslayer,Koda,2,Golden Retriever
Dog,Flicka,Flicky,12,Mixed
Dog,Maggie,Ms America ,7,Golden Retriever
Dog,Henry (after Dorian Grey),Henry,1,Brittany
Dog,Megan,Puppy,10,Mixed
Dog,Hopper T. Dog,Hops,6,Golden Retriever
Dog,Snickers,Snickers,10,Mixed
Dog,Venkman,Venk,5,Golden Retriever
Dog,Murphy,Murph,0.5,Spaniel
Dog,Maggie,Schmieg,12,Golden Retriever
Dog,Jasmine,Jasmine,13,Golden Retriever
Dog,Hurley Pearly Sky-Sky,Hurley,7,Shih Tzu
Dog,Queso,Queso,14,Golden Retriever
Dog,Breezy Anne,Breezy,5,German Shepherd
Dog,Riley,Riley,7,Golden Retriever
Dog,Homer J,Homer,10,Mixed
Dog,Tucker,Tucker,7,Golden Retriever
Dog,Abby,Abby,3,Pit bull/Lab/Beagle/Chihuahua Mix/General mutt
Dog,Cooper Triple Bogey,Coop,0.187,Golden Retriever
Dog,Shelby,Shelby,1,Blue Tick Coonhound/Mountain Cur
Dog,Oakley Dalton,Oaks,6,n/a
Dog,Lucy Liu,Goose,9,Golden Retriever
Dog,Niles Crane,Niles,4,Border Collie
Dog,Little Lucky One,Lucky,13,Chihuahua 
Dog,Benjamin Sebastian,Benjamin,7,Mixed
Dog,Siris Maximus,Sirius,5,Siberian Husky
Dog,Blaze,Blaze,5,Mixed
Dog,Brody ,Brody,11,Terrier
Dog,Director of Chaos,D.O.C.,4,Boxer
Dog,Cody,Codes,11,Golden Retriever
Dog,Emma,Rotta,6,Mittelspitz
Dog,Isabella Grace,Bella,7,Maltese
Dog,Cookie Boogie,Boogie,3,n/a
Dog,Salina,Salina,2,Mixed
Dog,Theodore James,Theo,5,Maltese
Dog,Ofelia,Ofie Lofie,15,Terrier
Dog,Hermie,Hermie,3-4 ,Chocolate Lab/Pit Mix
Dog,Jackson Baines Hardin,Jackson,14,Mixed
Dog,Rudy,Rudy,12,Labrador
Dog,Chuchi,Chubby Chubs,9,Poodle
Dog,Belle Silver,Bobo,3,Brittany
Dog,Phoebe Buffay,Phoeb,4.5,Terrier
Dog,Precious Presley ,Presley ,1,Mixed
Dog,Sarah Jessica Parker,Parker,8,Beagle
Dog,Princess Leah ,Leah,8,Schnauzer 
Dog,Mr Duke of Carol Stream,Boo,10,Mixed
Dog,Bruno Mars ,Bruno,4,Shih Tzu
Dog,Reggie,Reg,8,Border Collie
Dog,Twixie,Gooben,2,Heinz 57
Dog,Kody,Kode,10,Golden Retriever
Dog,Maverick Clinton ,Maverick,10,Mixed
Dog,Sven,Bean,5,German Shepherd
Dog,Lola,Lola,11,Mixed
Dog,Sophie,Sophie,2,Rottweiler
Dog,Lily Potter,Lil,2,German Shepherd
Dog,Dougie McFly,Dougie,11,Terrier
Dog,RileyRoo,Riley,2,Mixed
Dog,Dobby,Boober ,4,Corgi
Dog,Lando,Lando,5,Bernese Mountain Dog
Dog,Tucker Paul,Tuck,6,Pit bull
Dog,Schnitzel Von Krumm,Ninnel,11,Dachshund 
Dog,Wrigley,Wriglry pigley,13,Beagle
Dog,Wally,Wal,0.333,Golden Retriever
Dog,Snickers,Doodle,11,Beagle
Dog,Charlie,Charlie,9,Mixed
Dog,Pepper,Pep,0.791,Spaniel
Dog,Brownie,Brownie ,13,Beagle
Dog,Echo,Beck,3,Mixed
Dog,Banky,Banky,10,Basset Hound
Dog,Koda,Koda,6,Chihuahua 
Dog,Clifford,Cliff,6,Mixed
Dog,Coco,Dego Bear,7,Mixed
Dog,Charlie,Charlie,8,Pit bull
Dog,Mojo,Moj,5,Mixed
Dog,Hank,Hank,2,Mixed
Dog,Sebastian,Fritz,15,Mixed
Dog,Hank,Hanky,2,Labrador
Dog,Ella,Elle,14.5,Spaniel
Dog,Frappuccino,Frappie,7,Mixed
Dog,Gracie,Grace,12,Shih Tzu
Dog,Phoebe,Phoebe,2,Mixed
Dog,Uma Strawn McGuire,Uma,4,Mixed
Dog,Buster,Boop squared,13,Terrier
Dog,Eva Marie,Eva,3,Chihuahua 
Dog,Mia Hamm,Mia,11,Golden Retriever
Dog,alia atreides,Allie,5,Mixed
Dog,lexie,lex,0.833,Golden Retriever
Dog,Bernard,Bernard ,5,Boxer
Dog,Myles - his roman name is Squirtacus Mylonius,Myles,10,Mixed
Dog,Millie,Millie,9.5,Mixed
Dog,Bodhi,Bo,6,Golden Retriever
Dog,Mooch,Mooch,9,Mixed
Dog,Piper,Pipes,4,Mixed
Dog,Charles,Charlie,10,Corgi
Dog,Willow,Willow,3,Mixed
Dog,Glamis Schedule K1,Kona,5,Golden Retriever
Dog,Bandit Raye,Bandi,12,Farm dog
Dog,Anderson,Andy,12,Mixed
Dog,Mars Harambe,Pickle,3,Mixed
Dog,Claudio Atlas Wolfric,Claudio ,8,Dachshund 
Dog,Lawson H Dog,Hogan,16,Briard
Dog,Tucker,Tucker,1,Mixed
Dog,Ames,Ames,5,Siberian Husky
Dog,Franc,Frankie,0.333,Mixed
Dog,Oliver Jackson ,little shit,5.5,Mixed
Dog,Dolly Doodle Dogger,Dolly,6,Mixed
Dog,Cassie,Cassie,5,Mixed
Dog,Logan,Logan brogran,2,Rhodesian Ridgeback 
Dog,Basil,Basil,7,Lab/German Shepherd mix
Dog,Marble,Marble,5,Plott/Coonhound mix
Dog,Hollie,Hollie,14,Terrier
Dog,Cash Money,Cashie,2,Mixed
Dog,Seamus,Shamie Bameee,11,Rhodesian Ridgeback 
Dog,Nash,Nash,2,Mixed
Dog,Sian Ben Ryan,Sian or Sisi,14,Terrier
Dog,Bear 2,Bear,7.5,Mixed
Dog,Charles Barrath McIntyre,Barry,6,Basset Hound
Dog,Margeurite Larioux Gonzales,Maggie,6,Chihuahua 
Dog,Rusty,Rusty,2,Labrador
Dog,Starfire,Star,15,Mixed
Dog,Nova,Nova,3-Feb,Mixed
Dog,Dinty,The Dint,5,Mixed
Dog,Kadie Jo,Kadie Jo,6,Mixed
Dog,Daisy Duke,Daisy,4,Siberian husky/Brittany spaniel cross
Dog,Sunny Sunday Sky,Sunny,15.5,Beagle
Dog,Bailey,Bailey,3,Mixed
Dog,Bosco Spaghettio,Bosco,9,Mixed
Dog,Tansei,Duffus,7,Shiba Inu
Dog,Molly,Molly,16,Golden Retriever
Dog,Duke Dukington,Duke,3,Mixed
Dog,Prince Phillip the 2nd,Phillip,12,Terrier
Dog,Petey,Stinky,11,Terrier
Dog,President Nixon ,Nixy ,8,Mixed
Dog,Daisy Doodle Fat Kid with Butt Spots,Daisy,4,Mixed
Dog,Benry of Willowbrook,Benry,8,Golden Retriever
Dog,Qoda,Qoda,2.5,Golden Retriever
Dog,Ziggy Starsog,Zig,1.5,Mixed
Dog,Samuel Labrador,Sam,13,Labrador
Dog,Bentley Boy,Bentley,13,Shih Tzu/Bichon 
Dog,Taco Belle ,Taco,So so old,Mixed
Dog,Pluto,Pluto,Deceased,Golden Retriever
Dog,Toby,Toby,6,Mixed
Dog,Harlee ,Harlee,3,Anatolian Shepherd
Dog,Nessa,Nessa,1,Golden Retriever
Dog,Biscuit Bandit ,Bandit,3,Labrador
Dog,The Real Slim Sadie ,Sadie,1.5,Golden Retriever
Dog,Quincy Sugarplum,Quincy,3,Golden Retriever
Dog,Skipper Doo,Skip,4,Yorkie 
Dog,Sam Ruffalo,Sam,6,Mixed
Dog,Brutus Buckeye,Brutus,Just passed away at age 11,Golden Retriever
Dog,crespo ,crespo or baby í ½í¸‚,12,Mixed
Dog,Rossignol,Rozzie,Dead :(,Siberian Husky
Dog,Pepper,Pepper,4,Mixed
Dog,Amaya,Maya,6,Siberian Husky
Dog,Tiger ,Tiger,12,n/a
Dog,Bonnie,Bonnie,8,Terrier
Dog,Abby,Abby,11,Spaniel
Dog,Cooper,Coop,7,Labrador
Dog,Chase,Chase,3,Mixed
Dog,Riley Jenkins,Riley,1.5,Golden Retriever
Dog,Montgomery T Dog ,Monkey,2,Mixed
Dog,Nana Roo,Nana,5,German Shepherd
Dog,Callie,Cal Gal (the golden),3,Golden Retriever
Dog,Rocco Norbert,Rocco,10,Golden Retriever / Chow
Dog,Jack,Jack,3,Mixed
Dog,Ted,Ted,0.5,Terrier
Dog,Jaida Lynn,Jaida,12,Black lab / terrier
Dog,Daisy Lulu,Daisy,9,Poodle
Dog,Titus ,Titus,7,Labrador
Dog,Cookie Asparagus ,Cookie,11,Terrier
Dog,Tessa Leigh,Tessa,11,Mixed
Dog,Ali,Ali,5,Greyhound
Dog,Daisy,Daisy/Dandelion,4,Mixed
Dog,Lucky,"Luck, Luckboy, Luck duck",5,Labrador
Dog,Harper Jean,Harper,1.5,Mixed
Dog,Max-well,Max,6,Golden Retriever
Dog,Mica,Mica,6,Mixed
Dog,Sylvester Balboa,Sly,6,Golden Retriever
Dog,Mia Roo ,Mia,11,Australian Shepherd
Dog,Casper Tiberus,Casp,4,Mixed
Dog,Chummy,Chumbles,5,Mixed
Dog,Luna Bean ,Luna,7,Mixed
Dog,Sofie Tooter Scooter ,Sofie,7,Chihuahua 
Dog,Mojo,Mojo,5,Mixed
Dog,Grace,Grace,1,Mixed
Dog,Frankie,Frankie,1,Mixed
Dog,Osa,Osa,9,Mixed
Dog,Dixie,Dixie,12 or 13,Mixed
Dog,Nina,Nina,7,Terrier
Dog,Rachel,Rachel ,8,Schnauzer 
Dog,Piper,Piper,9,Mixed
Dog,Bella,Belly,10,Yorkie 
Dog,Queen Khaleesi,Queenie,12,Mixed
Dog,Bridget ,"Baby, Pookie",15,Mixed
Dog,Bodacious ,Bodie,14,Mixed
Dog,Mama Rose,Rosie,7,Pit bull
Dog,Augustus,Gus,Almost 8 ,Golden Retriever
Dog,Tater,Tater,0.25,Mixed
Dog,Beverly Ann,Beverlana,13,Golden Retriever
Dog,Cora Smalls,Cora,3,Bichon 
Dog,Jasper,Jasper,16,Dalmatian/beagle
Dog,Caleb, caliber ,1.5,Coonhound
Dog,Tonka,"Tonks, Tonkers, Sir Tail",8,Newfoundland
Dog,Hank,Baby,2,Boxer
Dog,Brandy,Puddin,5,Lab/pit bull mix
Dog,Sir Squeaksalot the Second,Twoie,9,Chinese Crested Powder Puff
Dog,Colby Jack,Jack,5,German Shepherd
Dog,Cooper,Coop,0.125,Mixed
Dog,Murphy,Murph,1,Mixed
Dog,Phineas,,7,Terrier
Dog,Peach,Peach,2,Mixed
Dog,moose alexander,Moose,0.667,Mixed
Dog,Ruby,Ruebs,6,Rhodesian Ridgeback 
Dog,Ruby,Ruby,4,Mixed
Dog,Min Ottende Bold,Otte,9,Labrador
Dog,Min fine Nimina Beana,Mina,6,Labrador
Dog,Lucy,Lu,3,Great Pyrenees 
Dog,Lucy Liu,luey,4,Basset Hound
Dog,Katniss Underfoot,Katniss,9,Pit bull
Dog,Sadie,Sayd,13,Border Collie
Dog,Coco  Chanel mademoiselle ,Coco,5,Golden Retriever
Dog,Maggie,Mags,8,Border Collie
Dog,Gunner baker,Gunner ,12,Labrador
Dog,April in Paris ,Paris ,6,Golden Retriever
Dog,Felix,Felix,2,n/a
Dog,Woodruff,Woody,10,Saint Bernard/Cocker Spaniel
Dog,Kitty take your gloves off,Reba ,8,Golden Retriever
Dog,Mulligan,Mull,12,Golden Retriever
Dog,Loki,Loki aka goof ball ,0.667,Golden Retriever
Dog,Okemo,Okemo,8,Cattle Dog
Dog,Beau,Beau,1.5,Mixed
Dog,Zack attack,Zack,10,Golden Retriever
Dog,Kendall,Kendall,4,Mixed
Dog,Bailey,Bailey,1,Lab/pointer
Dog,Ranger,Ranger,11,German Shepherd/Husky
Dog,Dan,Dan,12,Mixed
Dog,Sir Maximillion of Binghamton,Max,10,Golden Retriever
Dog,Freya,Freya,3,Pointer/shar pei
Dog,Jackson,Jax,14,Mixed
Dog,Kurama,Kdog,3,n/a
Dog,Luchik,Luchik or Luci,5,Mixed
Dog,Pippi Hyde,Pippi,11,Spaniel
Dog,Pearly,Pearl,5.5,Mixed
Dog,Walter,Walty,6,Spaniel
Dog,Buddy of Bailey's Irish Cream,Buddy,11,Labrador
Dog,Belle,Belle,15,Golden Retriever
Dog,Zoe Marie,Zoe,6,Mixed
Dog,Wilson,Wilson,4,Mixed
Dog,Reesie ,Reesie,14,Terrier
Dog,Bocephus Ray,Bo,6,Mixed
Dog,Gunner,Gunny,5,Labrador
Dog,Stella,Stella,12,Mixed
Dog,Bailey's Irish Cream,Bailey,13,Golden Retriever
Dog,Poppy,Pops,16,Terrier
Dog,Nina,Beans,12.5,Flat Coated Retriever 
Dog,Charlotte,Char,4,Beagle/Jack Russell
Dog,Ms. Cuddles,Cuddles,13.75,Mixed
Dog,Wayne Rooney,Roo,13,Border Collie
Dog,Snack,Snack,2,Rottweiler/cocker spaniel mix
Dog,Hazel,"Zelly, ZZ, Hayzelly",3,Golden Retriever
Dog,Luna Calamity Barnes,Luna,9,Mixed
Dog,Hiro Barnes,Hiro,5,Mixed
Dog,Ramsey,Ramsey,0.333,Labrador
Dog,Stella Diane,Stella,6,Mixed
Dog,Trigger ,Trig,4,Mixed
Dog,HÃ©loÃ¯se,HÃ©loÃ¯se ,9-11 ,Mixed
Dog,Scout McGee,Scout,12,Spitz
Dog,Milo,Milo,2,Golden Retriever
Dog,Kolbie,Kolbie,10,Beagle
Dog,Rhyannon's Princess Nikita,Nikki,10.5,Siberian Husky
Dog,Malcolm P. Dog,Malcolm,17,Mixed
Dog,Maxwell T. Bone,Max (Alias: BrownDog),11,Labrador
Dog,Indy,Indy,8,Poodle/beagle
Dog,Cody Fluffball,Cody,11,Golden Retriever
Dog,Fudge,Fudgie ,6,Lab/beagle mix
Dog,Mia,Mia,13,Golden Retriever
Dog,Megan Gabriela Ortega,Moo,11,Boxer
Dog,Bel,Bel,7,Spaniel
Dog,Artie,Artie Party,14,Golden Retriever
Dog,Snickers,Snickers,9,beagle/german shepherd mix
Dog,Blue,Blue,7,Cattle Dog
Dog,Wally,WaWa,2,Mixed
Dog,Copper,Cooper,10,Mixed
Dog,Juliet,Jules,2,Pit bull
Dog,Dasher,Dash,8,Mixed
Dog,Grace,Gracie,5,Mixed
Dog,Ruby,Ruby,12,Mixed
Dog,Levi,Lee,6,Australian Shepherd
Dog,Elle Loki Bean,Bellie,1,Mixed
Dog,Dorthea Dix,Doge,5,Golden Retriever
Dog,Layla Bo Peep,Layla,0.333,Beagle
Dog,Rocky,Rocky,12,Mixed
Dog,Tillith,Tilly/TillBear,8,Mixed
Dog,Rollo,Rollo,3.5,Labrador
Dog,Nisku,Nisku,2,Mixed
Dog,Sadie Jo,Sadie Pot Pie,5,Mixed
Dog,Lady,Lady,9,Bernese Mountain Dog
Dog,Sammy Q,Sam,10,Mixed
Dog,Oliver Phish,Oliver,2,Mixed
Dog,Cleopatra,Cleo,6,Mastiff
Dog,Birdie,Birdir,1,Mixed
Dog,Murphy,Murph,0.583,Golden Retriever
Dog,Ryder,Ryder,14,Mixed
Dog,Talani Snowmageddon ,Milo,0.375,Golden Retriever
Dog,Winnie the Blue,Winnie,0.916,Pit bull
Dog,Scarlett,Scarlett,0.25,Spaniel
Dog,Gus,Gus,11,Golden Retriever
Dog,Dixie Marie,Dixie,8,St. Bernard
Dog,Heidi,Heidi,2,St. Bernard
Dog,Phin,Phin,2,St. Bernard
Dog,Jager,Jager,12,Mixed
Dog,Brown Bear,Bear,7,n/a
Dog,Lucy,Lucy,4,Golden Retriever
Dog,Kahlua ,Chicky-chix,0.833,Mixed
Dog,Baylei,Stinky,1,Labrador
Dog,Baylei,Stinky,1,Labrador
Dog,Rocky,Rocky,5,Mixed
Dog,Abigail,Abby,4,Pit bull
Dog,Kira ,Kira/Squishy ,15,Beagle
Dog,Sammy,Sam,6,Mixed
Dog,Piper Marie,Piper,4,Newfoundland
Dog,Charlene ,Charlie,12,Mixed
Dog,Thor Mighty God of Thunder,Thor,9,Mixed
Dog,Cody Anne,Cody,2,Golden Retriever
Dog,Tessa,Tessa,11,German Shepherd
Dog,Lily,Lily,10,Mixed
Dog,Butters,Butter,9,Mixed
Dog,Marigold,Marigold,8,Mixed
Dog,Prince Romeo,Romey,8,Miniature Pinscher
Dog,"Snickers the First, Head Woofer",Snickers,6,Mixed
Dog,Lucky,Lucky,3,Lab/blue heeler/mixed breed
Dog,Ares,Ares,8,Olde English Bulldogge
Dog,Maximillian ,Max,13,Golden Retriever
Dog,Rogue,Rogue,6,Border collie/weimaraner/mixed breed
Dog,Ace,,1,Terrier
Dog,Ava,,4,Terrier
Dog,Winnifred,Winnie,6,Mixed
Dog,Mika,Mika,8,Mixed
Dog,Charlie Elizabeth Begonias ,Charlie,5,Mixed
Dog,Jack Ass,Jackie,5,Mixed
Dog,Dan,Digger,13,Pug
Dog,Koko,Koko,4,Bulldog
Dog,Archibald,Archie,2,Golden Retriever
Dog,Sassie,Sassie,19,Poodle
Dog,Zoe,Zoe,12,Shih Tzu/ poodle
Dog,Bo ,Bobes ,10,Mixed
Dog,Isiah Thomas,Izzy,0.25,Maine Coon
Dog,Sir Pete the Pup,Pete,12,Chihuahua 
Dog,Roux Stir,Roux,8,Mixed
Dog,Lucy Scramble ,Lucy,5,Boxer
Dog,June Bug,June Bug,10,Mixed
Dog,Crinkle,Crink-a-dink,7,Rhodesian Ridgeback 
Dog,Smokey,Spooky,14,Mixed
Dog,Daisy Mae,Daisy,3,Mixed
Dog,Crimson,Crimson,9,Mixed
Dog,Tide,Tide Dog,9,Mixed
Dog,Sophie,Sophie,10,Mixed
Dog,Sir Nigel Petrie of the Poofybottom Clan,Nigel,12,Pomeranian/terrier mix
Dog,Tobi,"Bobo, Tib Tob, Tibbi Bibbi, Corn Chip",10,Newfoundland/St. Bernard
Dog,Bruin ,Bru ,7,Golden Retriever
Dog,Lucinda Jean,Lucy,1,Golden Retriever
Dog,Dave,Dave,4.5,Golden Retriever
Dog,Harper Valley,Harper,0.25,Dachshund 
Dog,Buster Brown,Buster,11,Mixed
Dog,Leila ,Leila!!,5,Pointer 
Dog,Trixie,Trixie,3,Golden Retriever
Dog,Archer,Archibald ,9,Mixed
Dog,Josie Pancakes Fluffybottom,Josie,8,Heinz 57
Dog,Zeus,Zu,1.5,Great Dane 
Dog,Shooter,Shooter,8,Cattle Dog
Dog,Ellie,Elle,8,Labrador
Dog,Macie,Mace,8,Golden Retriever
Dog,Maddie,Bubbis,17,Shih Tzu
Dog,Squirt,Squirt,7,Bulldog
Dog,Samantha Marie,Sammie,8,Mixed
Dog,Quincy,Quincy,5,Mixed
Dog,Cajun ,Cajun ,6.5,Mixed
Dog,Duke,Dukie Doo,3,Pit bull
Dog,Daisy,Daisy Dee,3,Pit bull
Dog,Nico,Nico,4,Pug/Boston Terrier Mix
Dog,Chance McCoy ,Chance,10,Golden Retriever
Dog,Kobi,Kobi,11,Pit bull
Dog,Maila ,Maila Moose,1,Mastiff
Dog,Phineas,Phin,3,Labrador
Dog,Cody,Vody,20,Mixed
Dog,Perry,Perry,3,Labrador
Dog,Call it a night Sir Dudley,Dudley,5,Golden Retriever
Dog,Madison Brooke,Maddy,7,Mixed
Dog,Like Francis,Luke,8,Treeing Walker Coonhound
Dog,Pilikia,Pili,14,Chihuahua 
Dog,Mia Pieper,Mia,3,Black lab/ greyhound mix 
Dog,Pepper Potts,Pepper,6,Golden Retriever
Dog,Scruffy,Scruffy,Dead :(,Mixed
Dog,Princess Jessi,Jessi,7,n/a
Dog,Mowgli,,1,Labrador
Dog,,,2,Labrador
Dog,Wille,Willie,8,n/a
Dog,Otto,Otto,1.5,Doberman/Basset Hound
Dog,Optimus,Opti,7,Maltese
Dog,Memphis Mumford ,Memphis,2,Mastiff
Dog,Louie,Louie,6,Lab/bloodhound mix
Dog,Anna,Anna,5,n/a
Dog,Chester,Chester,13,Nova Scotia Duck Toller
Dog,Zeus Theodore,Zeus,7,Mixed
Dog,Ripley,Ripley,13,Golden Retriever
Dog,Beau,Beau,4,Mixed
Dog,Lucy,Lucy,9,Golden Retriever
Dog,Penelope ,Penny,3,Maltese
Dog,Callie,Cal,4,Golden Retriever
Dog,Jake,Stinky,2,Mixed
Dog,Willie,Willie,2.5,Mixed
Dog,package,package,1,Dalmatian
Dog,Luna,Luna,5,Yorkie 
Dog,Delilah,Lila,4,Labrador
Dog,Josephine ,Josie,4,Border Collie/Pit Mix 
Dog,Russell D.,Rusty,9,Mixed
Dog,Excalibur Insubordinate Oâ€™Mallie IX ,Cali ,2,Golden Retriever
Dog,Darth Vada Mae,Vada,7,Border collie/corgi
Dog,Butterscotch,Butter,9? 10???,Mixed
Dog,Emma Jean Jelly Bean,Emma,13,Shih Tzu
Dog,Rigby,Rigs,6,Terrier
Dog,Sir Scribbles Of the Shire,Nibbles,5,Shih Tzu/corgi 
Dog,Tele,Tele,11,Labrador
Dog,Maggie,Pooper,14,Dachshund 
Dog,Daisy Mae,Daisy,11,Golden Retriever
Dog,Bug,Bug,6,Terrier
Dog,Rayven,Ray,6,German Shepherd
Dog,puppy girl,Puppy,4,Terrier
Dog,beyoncÃ© ,beyoncÃ© ,2,Chihuahua 
Dog,Pippa Mad,Pippa,2,Bichon 
Dog,Tails Balboa,Tails ,14,Chihuahua 
Dog,Tara Balboa,Tara,6,Chihuahua 
Dog,Mia,Mimi,1,Chihuahua 
Dog,Slainte,Slainte,12,Mixed
Dog,Clyde Frog the Dog,Clyde ,3.75,Labrador
Dog,Asher,Ashie,9,Golden Retriever
Dog,Miley,Miley,13.5,Mixed
Dog,Suzie,Suzie,5,Labrador
Dog,Joshua,Joshie,9,Golden Retriever
Dog,Kona Kai,Kona,2,Mixed
Dog,Charlie,Charlie,11,Mixed
Dog,Lucky,Lucky,4,Mixed
Dog,Lily Ann ,Lily,3,Golden Retriever
Dog,Robbie,Robbie,10,Terrier
Dog,Chance ,Chance,4,Mixed
Dog,McGregor,Gregs,11,Terrier
Dog,Maggie,"Mags, maggals",6,Corgi
Dog,Boo Radley Beauregard ,Boo,5,Mixed
Dog,Jean Louise,Scout,2.5,Golden Retriever
Dog,Java Joe,Joe,0.145,Corgi
Dog,Heidi hoho,Heidi,7,Mixed
Dog,Finlay Heisenberg ,Finn,8,Shetland Sheepdog
Dog,Nala Belle,Nala,11,Golden Retriever
Dog,Matelin Paco Junior,Mate,9,Australian Shepherd
Dog,Eddie ,Eddie,8,Chihuahua 
Dog,Sir Thompson Squigglebutt,Tommy,7,Chihuahua 
Dog,Miss Kasey Bubbles ,Kasey,8,English Setter
Dog,Angel ,Angel,9,Golden Retriever
Dog,Loosie,Goose,15,Whippet
Dog,Sophie,Sophie,14,Whippet
Dog,Douglas,Douglas,10,Basset Hound
Dog,Zoi,Z,1,English Setter
Dog,Jasper,Jasper,14,Whippet
Dog,Rupert,Roo,3,Basset Hound
Dog,Spencer,Spence,10,Pointer 
Dog,Sir Clyde Bootsie Sideeye,Clyde ,11,Chihuahua 
Dog,Daisy Mae,Daisy,7,Mixed
Dog,Teddy Bear,Teddy,11,Chow chow/Australian Shepherd
Dog,Edward Gene ,Eddy,15,Golden Retriever
Dog,Peaches Monroe,Peaches,4,Terrier
Dog,Sir Nicholas,Nick,9,Corgi/jack russell 
Dog,Eowyn,Epi,13,Shih Tzu
Dog,Jayden,Denden,8,Shih Tzu
Dog,Joey,Jo,1,Golden Retriever
Dog,Walker Texas Ranger ,Wally,1,Mixed
Dog,Mike Mussina ,Moose,1,Mixed
Dog,Demon Deacon,Deke,13,Golden Retriever
Dog,benny the tiny von hudehoff,Benny,5,Terrier
Dog,Jacky,Jack,3,Golden Retriever
Dog,Gigi,Gigi,10,Golden Retriever
Dog,Liontamerâ€™s Nelson M Mandela ,Nelson ,2,Rhodesian Ridgeback 
Dog,Toby,Toby,12,Golden Retriever
Dog,Sugar,Sugar,13,Mixed
Dog,Mackley,Mackey,4,Bulldog
Dog,Sugar,Sugar,5,Golden Retriever
Dog,Minnie,Minnie,10,Miniature Pinscher
Dog,Meeko letang,Bubby,3,Collie
Dog,Oddjob,Jobby,11,Beagle
Dog,Charleston Wesley,Charlie,1,Mixed
Dog,Shelby,Shelb ,3.5,Mixed
Dog,Barracuda ,Cuda ,0.25,Mixed
Dog,Daisy,Daisy,5,Mixed
Dog,Moose Van Haus Huenink,Moose,3,Rottweiler
Dog,Princess Bella Marie,Bella,11,Miniature Dachshund/Beagle mix
Dog,Geno Stoneycreek Pugh,Beans,2,Rottweiler
Dog,Sadie Mae,Sadie,6,German pointer
Dog,Ruby Sue,Ruby,3,Coonhound
Dog,Zoey,Zoey/zozo,8,Golden Retriever
Dog,Apollo,Apollo,10,Boxer
Dog,Petey,Pete,11,Mixed
Dog,Sadie Blue,Sadie,9,Mixed
Dog,Mira,Weetum,13.5,Greyhound
Dog,Ginger,Ginger,8-10,Mixed
Dog,Hairy Potter,Hairy,12,Terrier
Dog,Cricket,Crickita ,Deceaced 12  :(,Mixed
Dog,Xenia Marie,Xenia,8,German Shepherd
Dog,Daisy Mae,Daisy,12,Terrier
Dog,Skylar,Sky dog,15,Miniature American Shepherd
Dog,Maybus Dogstoevsky,Maybe,11,Treeing Walker Coonhound
Dog,Kahlua ,Kitty,7,Miniature American Shepherd
Dog,Maggie pie thatcher,Maggie,0.333,Blue lacy 
Dog,Ashildr,Ashy,1,Boxer
Dog,Elsa,Stinky,4/1/02,German Shepherd
Dog,Belle,Stinky,4/1/02,Golden Retriever
Dog,Zeus,Zeusy,8,Terrier
Dog,Molly,Miss Pants,6,Mixed
Dog,Chip,"Chippy, Chipper, Dumbo, or Chipper Dipper",13.5,Labrador
Dog,Chewustuffer Asshole,Chewy,2,Golden Retriever
Dog,Sailor Moon,Moon,4,Newfoundland
Dog,Navigatorâ€™s Sipsey River PrinceS,Sipsey,11,Mixed
Dog,Buddy,Bud,9,Border Collie
Dog,Brown Butter Biscuit,Biscuit,12,Mixed
Dog,Millie,Lil mil,13,Mixed
Dog,Jonah,Jonah,5,Lab/Collie
Dog,Diggs,Diggs,9,Cattle Dog
Dog,Herman,"Hermie, Herm-Derm, Herbie, Herm-Worm",14,Dachshund 
Dog,Datsyuk,Datsyuk,0.667,Mixed
Dog,Nightwing ,Nightwing,6,Lhasa Apso / Maltese 
Dog,Isabelle,Bella,5,German Shepherd/ Australian Shepherd
Dog,Princess Buttercup,Prince,4,Lhasa Apso / Maltese 
Dog,Sir Jake of Zoar,Jake,11,Labrador
Dog,Scout,Scout,6,Spaniel
Dog,Aluxe,Aluxe,14,Poodle
Dog,Brownie,Brownie ,11,Spaniel
Dog,Shelby May,Shelbs,6.1,Mixed
Dog,Mr. Henry Midas Darcy,Henry,7,Golden Retriever
Dog,Annie Reese,Annie,11,Husky/Corgi mix 
Dog,Blackjack,Blackjack,3,Mixed
Dog,Jaden,Jaden,null,8 years
Dog,Sophie,Soph,9,Golden Retriever
Dog,Petey,Petey,11,Golden Retriever
Dog,Jack,Jackson,11,Golden Retriever
Dog,Bella,Bell,8,Beagle
Dog,Starsky Buford,Starsky,7,Foxhound
Dog, Beatrice,Trixie,5,Mexican black-tailed prairie
Dog,Quito,Kiki,4,Lab/APBT/Great Dane/GSD/Australian Cattle Dog/Rottweiler (Embark confirmed)
Dog,Wiggins,Wiggs,3,Mixed
Dog,Bella,Jelly Belly,13,Weimaraner 
Dog,Maple,"Mapie, Mapes",5.5,Shiba Inu
Dog,Sara,Sara,7,Polish Tatra Sheepdog
Dog,Clementine,Clem,5.5,Coonhound
Dog,Ali May,Ali,12,Mixed
Dog,Aspen,Ass-pen,3,Coonhound
Dog,Amber,Amber,2,German pointer
Dog,Coquine,Ti-Chat,15,Maltese
Dog,Medley May ,Med head/big medley,8,Great Dane 
Dog,Maggie,Mag bag ,3,Great Dane 
Dog,Finn Jethro,Finn,7,Poodle
Dog,Tallulah Lilac,Lulah,4,Poodle
Dog,Bear,Bear,6,Mixed
Dog,Emily,Emily,7,Pit bull
Dog,Winifred Yankeestaff Arnone,Winnie,13,Mixed
Dog,Bella,Bella,9,Shih Tzu
Dog,Mocha Latte,Moch,2,Retriever/Pit bull 
Dog,Bentley Rockstaff Jardine Arnone,Bentley,0.833,Mixed
Dog,Freddie Mercury,Frappie,15,Miniature Schnauzer
Dog,Einstein Pancake,Einstein ,11,Shih Tzu/ poodle
Dog,Sir Eggs Benedict,Benny,2.5,Corgi
Dog,Bandit ,Ban ban,8,Siberian Husky
Dog,Mac,Mac,5,Border Collie
Dog,Shepherd E Stoltzfus,Shep,5,Border Collie
Dog,Cinnamon,Chinamon,4,Mixed
Dog,Rocky Ciroc,Ciroc,6,Bichon 
Dog,Jack,Jack,2,Dachshund 
Dog,Baldrick of Blackadder Bob,Bobo,14,Schnauzer 
Dog,Danny,Danny,Deceased,Mixed
Dog,Troy,Sweetie,9,Mixed
Dog,Lavender,Lav,8,Pit bull
Dog,Buddy,Mr. B,6,Golden Retriever
Dog,Chase,Chase,6,Boxer
Dog,Charlotte,Charlie,8,Border Collie
Dog,Ice,Ice,14,Shar Pei/Dachshund mix
Dog,Dolly,Dolly,0.625,Mixed
Dog,Geoffrey,Geoffrey ,1,Mixed
Dog,Holly ,Holly,8.5,Golden Retriever
Dog,coco pollybird,Coco,10,Spaniel
Dog,Tim,Tim,12,Beagle
Dog,Magui Josefina Primera Mercado,MoÃ±oÃ±ito,16,Spaniel
Dog,Scooby,Scoob,Unknown,Spaniel
Dog,Balto JosÃ©,Bartolo,6,n/a
Dog,Xena Badass McAwesome Princess Flufflepuffs of the Ashen Fields of Mordor,Xena,6,Golden Retriever
Dog,Wilbur,Wilby,6,Mixed
Dog,Rowena Ravenclaw,Puppy,3,Rhodesian Ridgeback 
Dog,Magnificent,Maggie,7,King Charles/papillon mix
Dog,Nova,Scoosh ,0.583,Spaniel
Dog,Penny,Penny,12,Terrier
Dog,Maisie taters ,Maisie,2,Mixed
Dog,Guinness ,Guinness ,9,Australian Shepherd
Dog,Johnny Bee,Johnny ,5,Mixed
Dog,Mayflower,May,12,Labrador
Dog,Roscoe,Roscoe,13,Beagle
Dog,Ashley,Ashley,5,Spaniel
Dog,Janis,Janis,7,n/a
Dog,Leonardo,Leo,7,Pekingese
Dog,Ceili Kibbles,Ceili (pronounced K-Lee),10,Golden Retriever
Dog,Charlie,Charlie,0.416,Bernese Mountain Dog
Dog,Mango,Mango,2,n/a
Dog,Rufus,Roofie,14,Golden Retriever
Dog,Daisy,Daze,0.333,Golden Retriever
Dog,Lily,Lils,13,Golden Retriever
Dog,Bertie,Bertie,0.333,Golden Retriever
Dog,Max,Bear,7,Akita
Dog,Molly,Moo,7,Beagle
Dog,Poppy,Poppy dog,2,Golden Retriever
Dog,Daisy,Daisy Dee,2,Golden Retriever
Dog,Koda,Koda,9,Golden Retriever
Dog,Elwood,Elwood,9,Golden Retriever
Dog,Jake,Jakey,9,Golden Retriever
Dog,Miles,Miles,8,Labrador
Dog,Indiana ,Indy,10,Spaniel
Dog,Maximus Harvey ,Max,2,Golden Retriever
Dog,Douglas Ray Richardson the Third ,Dougie,6,Cattle Dog
Dog,Harley,Gnarly,4,Pug
Dog,Buster,Busty ,14,Terrier
Dog,Alfie,Alfie Dude,14,Terrier
Dog,Mila,Mila,9,Mixed
Dog,Zero,Boydog,10,Rhodesian Ridgeback 
Dog,Bella Nina; Thomas James; Archie,Archie,7 4 0.333,German Shepherd x Border Collie; not sure; German Shepherd
Dog,Briggs,Briggy,10,Mixed
Dog,Mya (The Dog),My,13,Labrador
Dog,Neela,Neely ,8,Shih Tzu
Dog,Hank,Hankle ,2,Blue heeler/Australian shepherd
Dog,Button,Button,7,Mixed
Dog,Missy Princess,Missy,14,Spaniel
Dog,Prince,Prince,7,German shepherd/golden retriever
Dog,Samuel,Sam,8,Golden Retriever
Dog,Precious Fudge,Miss Pants,12,Chocolate lab/collie
Dog,truffles ,truffs ,11,Poodle
Dog,woodland ,Woody,4,Chihuahua 
Dog,Heath M&M,Mr. Peaf,8,Cattle Dog
Dog,Mosley,Mr. Mosley,6,Pit bull/Terrier
Dog,Peter,Mr. Peter,3,n/a
Dog,Sammy,Sammy,12,Mixed
Dog,Theodore Barkalot,Teddy,8,Bichon 
Dog,d'Artagnan,Dart,17,Pug
Dog,Celsius Pele Amadeus Cartier,Celsius,11,Mixed
Dog,Lando Calrisian,Lando,4,Labrador
Dog,Obi-Wan,Obi,2,Labrador
Dog,Titus Sirius Icarus Cartier,Titus,10,Labrador
Dog,Samuel T Dogg,Sam,8,Labrador
Dog,Oreo Ann,Oreo,11,n/a
Dog,Oliver,Ollie,7,n/a
Dog,Stamford,Stamford,10,Mixed
Dog,Bentley,Bentley,4,Labrador
Dog,Lulu,Lulu,10,Terrier
Dog,Ella,Elephant,8,Mixed
Dog,Roxy,Roxy,5,German Shepherd
Dog,Desmond,Dez,8,Labrador
Dog,Stella,Stella,9,Mixed
Dog,Sheena ,Beena,12,Golden Retriever
Dog,Perry the Poodle,Perry,2,Poodle
Dog,Cody the Corgi,Cody,3,Corgi
Dog,Ginevra Molly,Ginny,0.375,Golden Retriever
Dog,Riley,"Riley or Ri (pronounced RHY), but then thereâ€™s a bunch of nicknames like (Riley Roo, Roo, Ri Ri, Bud, Buddy, Bub, etc)",4,Siberian Husky
Dog,Cleopatra,Cleo,3,Greyhound
Dog,Coco,Coco,10,Corgi
Dog,Captain,Captain aka Cappie,14,Siberian Husky
Dog,Buddy,Buddy,8,Mixed
Dog,Magnolia Mae,Maggie,2,Corgi
Dog,Sam,Sammy,5,Border Collie
Dog,Zoey,Zo,4,Mixed
Dog,Chip,Chippers ,2,Golden Retriever
Dog,Snickers,Snick ,8,Labrador
Dog,Max,Max,12.5,Labrador
Dog,Leeloo,Leeloo,2,Mixed
Dog,Owen,Owen,13,Rhodesian Ridgeback 
Dog,Daisy Mae,Daisy,11,Golden Retriever
Dog,Sunshine,Sunny,4,Mixed
Dog,Freskin,Alicima Bouffants,13,Mixed
Dog,Philippa,Pippa,4,Terrier
Dog,Lillie (Lilian now that sheâ€™s older),Lillie,5,Boxer
Dog,"Dr. Wolf Barker, MD PhD DOG",Wolfie,7,Mixed
Dog,Toby,Tobias,10,Bichon 
Dog,Alice,Alicima Bouffants,11,Bichon 
Dog,Dee Dee ,Deedle Dumpling,10,Bichon 
Dog,Oliver,Oliver,12,Bichon 
Dog,Reuben,Reuben,12,Bichon 
Dog,Mowgli," Mowgli, Mr. Tude (when he's sassy)",3.5,Mixed
Dog,Toby,Toby,12,Mixed
Dog,Buddy,Buddy,11,Mixed
Dog,Bella Sitka LASTNAME,Bella,15,Miniature American Eskimo
Dog,Monty,Montgomery of Fitzgerald,8,Mixed
Dog,Luna Lastname,"Luna, Loon, Loonie, Miss Loon, Wiggles",0.75,Dachshund 
Dog,Echo Last Name,Echo,12,Miniature American Eskimo
Dog,Nuffin,Nuffin,6,Golden Retriever
Dog,Mars,Chano ,9,Corgi
Dog,Calhoun Richard Anderson du Nord,Cal,3.5,Golden Retriever
Dog,Charlie Brown,Charlie,10,Mixed
Dog,Bixby Lucas,Bixby,1,Labrador
Dog,Taco,"Taca Taca, snorticus",13,French Bulldog/Boston Terrier Mix
Dog,Belle,Jelly Belly,3,Mixed
Dog,Jimmy,Jimmy,3,Terrier
Dog,Miles,Miles,10,Redbone Coonhound
Dog,Eleanor Rose,Elle,5,Golden Retriever
Dog,Cooper Jay Nigel Winston,Cooper,8,Yorkie 
Dog,Buddy Augusto,Buddy,14,Spaniel
Dog,Dash,Dash,7,Mixed
Dog,Opie,Dope/ Opie,11,Golden Retriever
Dog,Georgia ,Georgie,3,n/a
Dog,Dino,Dino,30 (deceased at 13),Keeshond
Dog,Penny,Penny,10,Mixed
Dog,Alexâ€™s Fiesty Girl Bailey Balogh,Bailey,10.5,Golden Retriever
Dog,Rey,Reymundo,2.5,Jack Russell/chihuahua 
Dog,Uwe,Uwe,4,Golden Retriever
Dog,Millie Betty,Mill,1.5,Dalmatian
Dog,Henry,Henny,1,Dalmatian
Dog,Daisy Mae,Daisy,13,Mixed
Dog,Chamomile June,Cammie,9,Spaniel
Dog,Chapman,Chapman,15,Labrador
Dog,Tucker,Tucker,0.75,Mini Australian Shepherd/Cockapoo
Dog,Chappelle,Mutt,7.9,Mixed
Dog,Bella,Bella,11,Greater Swiss Mountain Dog
Dog,Toby Wan Kenobi,Toby,1,Golden Retriever
Dog,Daisy,Daisy,12,Labrador
Dog,Beaucoup du Chien,Beau,Deceased,Newfoundland
Dog,Pumpkin,Pumpkin,Deceased,Labrador
Dog,Poquit,Poquit,Deceased,Labrador
Dog,Rosie,Rosie,9,Golden Retriever
Dog,Murphy,Murphy,10,Terrier
Dog,Giacomo Science,Giacomo,6,Bernese Mountain Dog
Dog,"Zuul, minion of Gozer",Zuul,5,Pit bull/Boxer mix
Dog,Trogdor Jealous,Dora,14,Mixed
Dog,Professor Tuxedo,Tux,1,Bernese Mountain Dog
Dog,Bodie,Bodie,8,Golden Retriever
Dog,Zoey,Zoey,5.5,Mixed
Dog,Joel Carlos,Joel,3,Mixed
Dog,Lola,Lola,1,Spaniel
Dog,Rufus,Rufus,15,Terrier
Dog,Sadie,Bubba,12,Golden Retriever
Dog,Zoey Deschanel,Zo,12,Bichon 
Dog,Cooper,Coop,6,Golden Retriever
Dog,Captain Goose,Goose,1,n/a
Dog,Mr Doctor Professor Constable Detective Brick,Brick,8,Bulldog
Dog,Ellie Sattler,Elle,1,Pit bull
Dog,Juke,Juke,4,Dachshund 
Dog,Blue,Blue,0.5,Labrador
Dog,Kiefer Bartholomew ,Kief ,9,Belgian Shepherd
Dog,Jackson,Jax,5,Mixed
Dog,Zeta bear,Bear,6,German Shepherd
Dog,Minnie,Minnie,2,Mixed
Dog,Dixie,Dixie,15,Mixed
Dog,Rosa Barks,Rosie,11,Shih Tzu
Dog,Charlie,Charlie,0.208,Mixed
Dog,Jack Dog,Jack,16,Mixed
Dog,Timon,Timon,3,Mixed
Dog,Leila Fowler-Martinez,Pippie or Pippo,7,n/a
Dog,Tubu,Tubu,11,Chihuahua 
Dog,Goodness Gracious,Gracy ,12,Shih Tzu
Dog,Monkey,Monkey,11,Australian Shepherd
Dog,Rosie,Rosie Posie,Dead :(,Golden Retriever
Dog,Scirocco Augustus,Rocco or Crocco,5,Treeing Walker Coonhound
Dog,Heavy Duty Puppy,Duty,4,Shetland Sheepdog
Dog,Siena Rosa,Siena,12,Golden Retriever
Dog,"Buttercup Maplesde, zuez Maplesden, Bella Maplesden, Hercules Maplesden",Bella,2.5 2.5 2 2 ,Unknown unknown Bali dog mix and tabby cat
Dog,Ghia Lynn,Ghia or Geeg,1,Border Collie/ Chinese shar pei
Dog,Delilah,Lilah,7,Beagle
Dog,Treacle,Treacle,10,Border collie/corgi
Dog,Sam,Sam,11,Labrador
Dog,Tyson,"Tysbert, T McT, Mucki, Muckelbert, Muckmuck, Maggey",14,Mixed
Dog,Parker,Parker,11,Mixed
Dog,Captain Avro Clarence,Avro,6,Schnauzer 
Dog,Carlene,Weentz,4,Mixed
Dog,Linda,Linda,10,Terrier
Dog,Toby Wooferton,Toby,18,Mixed
Dog,Sacha,Fjollehoved (Danish for goofball) ,13,Mixed
Dog,Snickers,Snicks,14,Mixed
Dog,Sherlock Bones,Sherlock,4,Mixed
Dog,Irene Adler,Addie,8,Bulldog
Dog,Wallace,Wally,2,Mixed
Dog,Dude,Handsome,2.5,Mixed
Dog,Bailey,Bailey,9,Golden Retriever
Dog,Willow,Sweetie,6,Mixed
Dog,Philistine Smoosh,Bill,14,Terrier
Dog,Henry Nacho ,Henny,8,Golden Retriever
Dog,Maximilian Kolby,Maxy ,16,Golden Retriever
Dog,Argos,Argos,6,Mixed
Dog,Madeline Grace ,Ma ma ,15,Golden Retriever
Dog,Elvis,Elvis,11,Mixed
Dog,Coconut Butter,Coco,5,Mixed
Dog,Lucy-fur,Lucy,12,Golden Retriever
Dog,Sophie Grace,Soph,13,Brindle Black
Dog,Prince,Prince,14,Mixed
Dog,Jackson Buttsickle,Jacks,4,Mixed
Dog,Lassie,Lass Lass,14,Moth Eaten Carpet
Dog,Charles Xavier II,Charlie,4,Great Pyrenees 
Dog,Caroline,Caroline,5,Mixed
Dog,Beau,"Goomby, Mr. Beauregard",4,Golden Retriever
Dog,Lindon,Lindy loo,10,Mixed
Dog,Tedward,Teddy,4,Mixed
Dog,Zuzu,Zu,4,Mixed
Dog,Marcus Brutus,Brutus,4,Boxer
Dog,Brownie Leigh,Brownie ,3,German Shepherd
Dog,Jersey Girl,Jersey ,11,Husky/malamute/sneaky neighbor's dog mix
Dog,Stella,Stells,10,Mixed
Dog,Lizzie,Lizzie Pie,6,Husky/sneaky neighbor's dog mix
Dog,Roxy,Roxy Socks,1,Mixed
Dog,Coco Murfree,Coco,9,Border Collie
Dog,Ozzy,Ozlet,1,Mini Australian Shepherd/Cockapoo
Dog,Winston Pigaloo,Winnie,6,Pug
Dog,Noodle,Noodle,13,Dachshund 
Dog,Phantom,Phantom ,5,Mixed
Dog,Ellen Park,Elle,3,n/a
Dog,Spud,Schmoops ,1.5,Corgi
Dog,FN 2187,Finn,1.5,Mixed
Dog,Pisco,Pisco,5,German pointer
Dog,Sadie,Sadie,3,German Shepherd
Dog,Lola,Loli Ravioli ,0.75,Golden Retriever
Dog,Addie Heart,Addie,8,Lab/Chow chow mix
Dog,Ernie,"Ernburn, Erndog, Ernieworm ",1,n/a
Dog,Semaj,"Sammich, Dumbledork",4,Shih Tzu
Dog,Maya,little shit,8,Shih Tzu
Dog,Bijou,Bijou,12,Terrier
Dog,Pesto,Pesto,0.75,Beagle
Dog,Maggie,Magz,Unknown,Mixed
Dog,Toby,Toby,1,Golden Retriever
Dog,Jacob Marley,Jake,6,Golden Retriever
Dog,Cujo,Bubby,11,Spaniel
Dog,Maizie,Maizie,0.333,Miniature Schnauzer
Dog,Bruce D4,Bruce,12,Dachshund 
Dog,Jackie Kate,Jackie,5,Lab/beagle mix
Dog,Daisy Bear,Daisy Dee,2.5,German Shepherd
Dog,Tinker Stinker,Stinks,2.5,German Shepherd
Dog,Mile High Ice Storm,Miles,7,Golden Retriever
Dog,Breezy Bear,Breezy,1,Golden Retriever
Dog,Nara,Gorda,3,Cattle Dog
Dog,"Wyatt Daniel, the Wild Corgo",Wyatt,2,Corgi
Dog,,Petra,null,Golden Retriever
Dog,Rosie,Rosie,10,Basset Hound
Dog,Lilly,Lilly,10,German Shepherd/Husky/Beagle/Chow Chow
Dog,Charles,Charlie,12,Miniature Schnauzer/Poodle
Dog,Pippa,Pip,1.1,Mixed
Dog,Oliver,Ollie,7,Terrier
Dog,Kiku,Kiku,3,Mixed
Dog,Brandy,Brenda,10,Bichon 
Dog,Bobby,bobkin,8,Shih Tzu
Dog,Emma,Emma,12,Mixed
Dog,Bessy ,Bess,10,Labrador
Dog,Dakota,"Woobis, Woobie",13,Mixed
Dog,Altrichter,Cooper,9,Golden Retriever
Dog,Tucker,Tuck,7,Golden Retriever
Dog,Penny Bellew,Penny,6,Labrador
Dog,Morena,Morena,2,Corgi
Dog,Brownie,Bub,13,Mixed
Dog,Mose Schrute,Mose,2,German Shepherd
Dog,Rocky,Rocky,6,Mixed
Dog,Tyler John (had to give him a middle name for when he was in trouble),Ty,12,Rhodesian Ridgeback 
Dog,Tux,Tux,9,Mixed
Dog,Ruby,Ruby,3,coonhound/beagle
Dog,Pooch-K,Pooch-k the pooch,7,Mixed
Dog,Scooby,Scoobers,0.583,Mixed
Dog,Lloyd ,Lloyd,11,Golden Retriever
Dog,Ishka,Ish/Ishka,8,Golden Retriever
Dog,Millie,Millie,1.5,Border Collie
Dog,Rossa,"Ross, Rossy, Rossapoo",5,Golden Retriever
Dog,Wookie,Wookie,7,Mixed
Dog,Tucker,Tucker,2,Labrador
Dog,Keifer,Keifer,14,Labrador
Dog,Frankie,Frankie,7,Mixed
Dog,Sammy,Sam,5,JRT/miniature pinscher
Dog,Barrett,Barrett,3,German Shepherd
Dog,Benjamin,Benj,2,Border Collie/Belgian Malinois
Dog,Laney,Laney,12,Golden Retriever
Dog,Dixie,Lady,3,Pit bull
Dog,Diesel,Diesel,3,Mixed
Dog,Baxter,Baxter,7.5,Golden Retriever
Dog,Riley Marie,Riley,13,Spaniel
Dog,Reginald Fonzerelli Hawkes,Reg,12,Mixed
Dog,Erik,Earwig,4,Dachshund 
Dog,Oliver,Oli ,8,Terrier
Dog,Bilbo Spud Doggins,Bilbo,5,Corgi/Cocker Spaniel mix
Dog,Bailey Woofer,Bailey,13,Spaniel
Dog,Skyy like the vodka ,Skyy,3,Siberian Husky
Dog,Malibu like the rum ,Malibu,1,Golden Retriever
Dog,Golden Tate ,Tate ,2,Golden Retriever
Dog,Bear,Bear,0.583,Mixed
Dog,Stanley,Stan,0.5,Schnauzer 
Dog,Andromeda Mae,Andie,6,Mixed
Dog,Eloise Gertrude,Elle,2,Mixed
Dog,Lady Bonnie of Coventry,Bonnie,8,Mixed
Dog,Gibson,Gibby,2.5,Mixed
Dog,Brewskie,Brew,11,Beagle
Dog,Koli,Koli,11,Yorker Terrier/Silky Terrier Mix
Dog,Moxie Jean Narice,Moxie,1,Mixed
Dog,Dancer Pants,Dancer,17,Bichon 
